title,company_name,location,description,salaries
Cient√≠fico de Datos,SDG Group, Anywhere ,"¬°Hola Data Lover! üíô

En SDG, no solo tendr√°s la oportunidad de formar parte de algo incre√≠ble, ¬°sino que vivir√°s lo que significa ser un aut√©ntico especialista en Data & Analytics!

¬øEst√°s preparadx para embarcarte en esta emocionante aventura? con nosotrxs, podr√°s potenciar todas tus habilidades y capacidades anal√≠ticas, tecnol√≥gicas y de negocio.

¬°Es hora de despegar hacia el futuro mediante el poder de los datos! √önete a nosotros y prep√°rate para romper las reglas y alcanzar tu mejor versi√≥n üöÄ‚ú®.

Descubre el poder de SDG: l√≠deres globales en la industria del dato üí•üìä

En SDG trabajamos para la mitad de las empresas del IBEX-35, pero tambi√©n en multitud de compa√±√≠as internacionales. Gracias al boom de la anal√≠tica, estamos en un ritmo constante de crecimiento, y desde 1994 nos hemos convertido en el socio de confianza para empresas que desean maximizar todo el potencial de sus datos.

Si buscas formar parte de una compa√±√≠a 100% especializada en #Data & #Analytics, ¬°te estamos... esperando!

Requisitos m√≠nimos üëá
‚Ä¢ Titulaci√≥n en Matem√°ticas, Estad√≠stica, Ingenier√≠a Inform√°tica, o cualquier otra titulaci√≥n de √°mbito t√©cnico y con una base demostrable en t√©cnicas estad√≠sticas y de ciencia de datos.
‚Ä¢ Al menos 6 a√±os de experiencia profesional como cient√≠fico de datos, desarrollando casos de uso en diferentes industrias y liderando el dise√±o de soluci√≥n al respecto.
‚Ä¢ Capacidad de entendimiento de problemas de negocio y de traslaci√≥n de los mismos a t√©rminos anal√≠ticos, identificando correctamente objetivos de corto y largo plazo, y siendo capaz de estructurar un plan de proyecto acorde a los mismos.
‚Ä¢ Experiencia demostrable en diferentes √°mbitos de soluci√≥n de machine learning, tanto supervisados como no supervisados: modelos de regresi√≥n lineal y log√≠stica, series temporales, sistemas de clasificaci√≥n, problemas de segmentaci√≥n, deep learning, NLP y procesamiento de im√°genes.
‚Ä¢ Conocimientos cuantitativos en relaci√≥n a los aspectos que rodean el desarrollo de soluciones de anal√≠tica avanzada: contrastes de hip√≥tesis, dise√±o de experimentos, control estad√≠stico de procesos, an√°lisis de supervivencia‚Ä¶
‚Ä¢ Experiencia demostrable evaluando el rendimiento de soluciones de anal√≠tica predictiva, as√≠ como definiendo KPIs de monitorizaci√≥n al respecto.
‚Ä¢ Conocimiento y experiencia en las tecnolog√≠as relevantes para la actividad de la ciencia de datos, esencialmente: SQL, Python, R y herramientas cloud relacionadas.
‚Ä¢ Habilidades comunicativas y de exposici√≥n tanto en espa√±ol como en ingl√©s.

Requisitos recomendados üëá
‚Ä¢ M√°ster y/o doctorado en una tem√°tica relacionada con la ciencia de datos y la inteligencia artificial.
‚Ä¢ Experiencia previa en consultor√≠a dentro del mundo de data & analytics.
‚Ä¢ Conocimientos te√≥ricos y pr√°cticos acerca del ciclo de vida de las soluciones de ML en contextos empresariales, as√≠ como de la metodolog√≠a MLOps.
‚Ä¢ Experiencia en la definici√≥n de m√©todos y estrategias para la medici√≥n del rendimiento y el impacto de soluciones predictivas.
‚Ä¢ Experiencia en otros aspectos relacionados con la ciencia de datos m√°s all√° de los puramente cuantitativos: ingenier√≠a de datos, desarrollo software, arquitecturas cloud‚Ä¶
‚Ä¢ Experiencia previa liderando equipos y proyectos en el √°mbito de la ciencia de datos.
‚Ä¢ Certificaciones en tecnolog√≠as o √°mbitos relevantes para la actividad del cient√≠fico de datos.

Acerca de la compa√±√≠a y el puesto üöÄ

SDG Group es una firma de consultor√≠a global focalizada exclusivamente en soluciones de data & analytics, cubriendo con ello toda la cadena de valor del dato, y proporcionando planes de carrera tanto de consultor√≠a como de especializaci√≥n para todos aquellos que quieran progresar en el mundo del dato. Adem√°s, a trav√©s de nuestra cultura Smart Work tendr√°s la posibilidad de definir el modelo de trabajo que m√°s se adapte a ti y a tus necesidades personales, al mismo tiempo que puedas colaborar en iniciativas de gran impacto para clientes punteros en sus respectivas industrias.

Como Data Scientist del √°rea de Data Science, tu misi√≥n ser√° formar parte de equipos multidisciplinares con el objetivo de ayudar a nuestros clientes a desarrollar soluciones de machine learning e inteligencia artificial en entornos de alta complejidad t√©cnica, y con una visi√≥n end-to-end: desde el an√°lisis inicial del negocio y la experimentaci√≥n, hasta la puesta en producci√≥n de los sistemas de anal√≠tica avanzada.

Tendr√°s la posibilidad de utilizar un amplio espectro de tecnolog√≠as innovadoras para la construcci√≥n de soluciones de IA bajo diversos paradigmas de anal√≠tica predictiva y deep learning, aplicando todo ello en una gran diversidad de industrias y contextos de negocio.

Asimismo, gracias a nuestro path de especialista tendr√°s la oportunidad de crecer como cient√≠fico de datos, contando con herramientas y recursos para tu continuo aprendizaje y crecimiento, al mismo tiempo que te involucras en diferentes retos que permitan tanto a SDG Group como a nuestros clientes explotar al m√°ximo las posibilidades infinitas que nos ofrece la inteligencia artificial.

Responsabilidades ‚úç
‚Ä¢ Liderar proyectos de ciencia de datos, entendiendo las necesidades del cliente y empoderando el dise√±o de la soluci√≥n desde la perspectiva m√°s cuantitativa del problema.
‚Ä¢ Trabajar conjuntamente con arquitectos e ingenieros de ML para desarrollar soluciones que cubran las necesidades de los clientes desde todas las perspectivas, tanto de negocio como t√©cnicas.
‚Ä¢ Ayudar a nuestros clientes a definir su estrategia de desarrollo e implantaci√≥n de sistemas de anal√≠tica avanzada, analizando la viabilidad y el retorno de la inversi√≥n de los mismos.
‚Ä¢ Colaborar en la evoluci√≥n de la propuesta de valor de la compa√±√≠a en t√©rminos de ciencia de datos, poniendo especial foco en la confecci√≥n de patrones de dise√±o, frameworks y metodolog√≠as para la aceleraci√≥n en la implantaci√≥n de soluciones de inteligencia artificial.
‚Ä¢ Investigar las √∫ltimas tendencias y metodolog√≠as en los diferentes √°mbitos de la ciencia de datos, con el fin de evaluarlas y contrastarlas de cara a su posible incorporaci√≥n a la propuesta de valor de la compa√±√≠a.
‚Ä¢ Mentorizar a los miembros del equipo con menor experiencia en sus √°mbitos de competencia, potenciando as√≠ su desarrollo profesional.
‚Ä¢ Participar junto con el departamento comercial y los diferentes equipos de consultor√≠a en el desarrollo de propuestas comerciales desde la perspectiva de l√≠der en la definici√≥n de soluciones y aplicabilidades de la ciencia de datos.

INSCR√çBETE AHORA ¬°ESTAMOS DESEANDO CONOCERTE",
Cient√≠fico de Datos,DECIDATA,"  Bilbao, Spain   ","En DECIDATA trabajamos en proyectos de Ciencia de Datos, Machine Learning e Inteligencia Artificial para grandes clientes de sectores como banca, seguros, telco, retail e industria. Proyectos de datos. Y solo datos. No hay gato por liebre.

Nos encontramos en pleno proceso de crecimiento y necesitamos incorporar perfiles de Ciencia de Datos para el desarrollo y supervisi√≥n de modelos basados en machine learning. Si te gustan los datos, te apasiona programar y ya has participado en proyectos de este tipo, sigue leyendo. Seguro que te interesa.

Estamos buscando un cient√≠fico de datos para su incorporaci√≥n inmediata al equipo de Analytics. Trabajar√°s con profesionales con experiencia en el desarrollo de modelos de los que aprender√°s y a los que esperamos que les aportes tambi√©n.

Para este puesto, no pedimos que hayas liderado un super proyecto, pero s√≠ que hayas participado en proyectos de ciencia de datos.

Qu√© har√°s

Trabajar√°s mano a mano con un equipo multifuncional de traductores... de negocio y otros cient√≠ficos de datos centrados en crear, definir, construir, implementar y probar modelos de ciencia de datos.

Participaras activamente en el ciclo de vida completo de un proyecto de ciencia de datos, desde la definici√≥n del proyecto hasta la puesta en producci√≥n del mismo.

Adem√°s, en momentos puntuales interactuar√°s con el cliente para mostrar los desarrollos y los resultados del modelo.

Qu√© Pedimos

Imprescindible
‚Ä¢ Grado en Ingenier√≠a Inform√°tica. Buscamos una formaci√≥n t√©cnica s√≥lida. Que seas capaz de conectarte a un servidor y conocimientos b√°sicos de infraestructura. Necesitamos que seas capaz de apoyar al equipo en temas t√©cnicos que van m√°s all√° de la programaci√≥n del algoritmo.
‚Ä¢ (En caso de no ser graduado en ingenier√≠a inform√°tica, debes demostrar que tienes conocimientos t√©cnicos de ese tipo)
‚Ä¢ Que seas capaz de trabajar en Python. El trabajo se realizar√° 100% en Python por lo que es necesario que domines y te sientas c√≥modo trabajando con este lenguaje. Adem√°s, es necesario que conozcas las principales m√≥dulos, paquetes y librer√≠as.
‚Ä¢ Experiencia en proyectos de Inteligencia Artificial y/o Machine Learning. Tendr√°s que saber qu√© fases y tareas hay que realizar en el desarrollo de un proyecto y ser capaz de desarrollarlas por ti mismo.

Deseable
‚Ä¢ Valorables conocimientos de puesta en producci√≥n de modelos en Cloud (Azure, AWS o Google Cloud). Que tengas experiencia en la puesta en producci√≥n de modelos de alguna de las tres plataformas mencionadas ser√° un punto adicional ;-).

Qu√© ofrecemos
‚Ä¢ Contrato indefinido.
‚Ä¢ Sueldo de 30.000 ‚Ç¨ brutos al a√±o en una empresa en crecimiento.
‚Ä¢ Flexibilidad para trabajar. Posibilidad de teletrabajar hasta 3 d√≠as a la semana y flexibilidad horaria para que puedas organizarte. A cambio te pediremos responsabilidad con los compromisos y entregables.
‚Ä¢ Proyecto de futuro con un ambiente de trabajo participativo. Estar√°s rodeado y apoyado por gente muy buena que te ayudar√° a mejorar profesionalmente.
‚Ä¢ Plan de formaci√≥n. Definiremos un plan contigo para ayudarte a mejorar y formarte en aquellas √°reas que consideres interesantes.

D√≥nde lo har√°s

El puesto est√° ubicado en nuestra oficina de Bilbao, pero eso no quiere decir que tengas que venir todos los d√≠as o que tengas un horario estricto, puedes teletrabajar hasta un m√°ximo de 3 d√≠as a la semana y tendr√°s flexibilidad horaria acorde a tus necesidades.

C√≥mo lo har√°s

Trabajar√°s en equipo con la supervisi√≥n de un Cient√≠fico de Datos Senior para darte todo el apoyo que necesites. Creemos en la autonom√≠a y responsabilidad de las personas por lo que tambi√©n tendr√°s libertad para desarrollar tu trabajo.

Con qui√©n lo har√°s

En DECIDATA creemos en las estructuras planas de verdad. Trabajar√°s mano a mano con profesionales multidisciplinares con una gran trayectoria y que est√°n a tu disposici√≥n para resolverte cualquier duda. Son aut√©nticos cracks como Ander Fern√°ndez, Irene Unceta, I√±aki Pertusa o Javier Ca√±ego.

C√≥mo presento mi candidatura

Tan f√°cil como rellenar esta solicitud de Linkedin. ¬°Estamos deseando conocerte! üôÇ",
Cientifico de datos - Modelo h√≠brido,Michael Page, Anywhere ,"Acerca de nuestro cliente

Page Consulting Tech Solutions, es el √°rea de PageGroup especializada en la realizaci√≥n de proyectos IT en clientes, ofreciendo una amplia variedad de soluciones tecnol√≥gicas a medida con la flexibilidad y agilidad requerida. (https://www.michaelpage.es/seleccion-personal/technology-consulting)

Descripci√≥n

Identificaras los datos de calidad y los transformar√°s para facilitar la toma de decisiones empresariales.

Modelizaci√≥n del algoritmo.

Trabajar√°s con tecnolog√≠as de Machine Learning y algoritmos de miner√≠a de datos.

Perfil Buscado (H/M/D)

- Experiencia con miner√≠a de datos /Python, Spark, Pyspark).

- BBDD, SQL.

- Big Data (Datalake, red time, optimizaci√≥n de datos, etc.)

- Manejo de grandes vol√∫menes de datos.

Qu√© ofrecemos
‚Ä¢ Contrato indefinido con Page Tech Solutions.
‚Ä¢ Salario: 40.000‚Ç¨ BA.
‚Ä¢ Modalidad h√≠brida (m√°s teletrabajo que presencial).
‚Ä¢ C/Tomas Bret√≥n (Madrid).
‚Ä¢ Formaci√≥n continua para desarrollar tu talento.
‚Ä¢ Beneficios sociales y... plan de retribuci√≥n flexible.
‚Ä¢ Compensaci√≥n de gastos de teletrabajo.
‚Ä¢ Plan de carrera en un ecosistema de talento tecnol√≥gico",
Cient√≠fico de Datos,Grupo PROEDUCA,  Spain   ,"En UNIR - La Universidad Internacional de la Rioja nos encontramos en b√∫squeda de un Cient√≠fico de Datos.

Necesario experiencia previa en An√°lisis de Datos con conexi√≥n a BBDD on-premise y cloud, utilizando python y R, as√≠ como herramientas de visualizaci√≥n como Tableau y Power BI.

¬øCu√°les ser√°n tus funciones?
‚Ä¢ Creaci√≥n de modelos de an√°lisis de datos de la empresa, mediante el aprovechamiento de fuentes de datos existentes, nuevas y creativas.
‚Ä¢ Implementaci√≥n de modelos de aprendizaje autom√°tico para respaldar las numerosas iniciativas y programas de la empresa que ayuden a lograr los objetivos y metas generales de la compa√±√≠a.
‚Ä¢ Exploraci√≥n de modelos de datos experimentales dentro del negocio. Realizar√° pruebas A/B para evaluar cambios en los productos/servicios de la empresa, as√≠ como para la monitorizaci√≥n de los modelos y sus desviaciones y necesidades de reentrenamiento.
‚Ä¢ Colaboraci√≥n con los equipos de tecnolog√≠a / dev-ops para la puesta en producci√≥n de los modelos... propuestos y aprobados.
‚Ä¢ Trabajo en equipo con otros cient√≠ficos de datos, para aportar valor a todas las √°reas de negocio.
‚Ä¢ Focalizaci√≥n de los an√°lisis y modelos en base al valor e impacto incremental en negocio.

¬øQu√© encontrar√°s en UNIR?
‚Ä¢ Horario flexible: L-J de 9:00h a 18:15h y V de 9:00h a 14:00h (1 hora de flexibilidad)
‚Ä¢ Modelo de trabajo h√≠brido.
‚Ä¢ Retribuci√≥n flexible que podr√°s destinar a cheques guarder√≠a, tickets restaurante y seguro m√©dico
‚Ä¢ Podr√°s disfrutar de las mejores condiciones formativas con hasta un 80% de descuento en todas las titulaciones de la UNIR.

¬øQu√© buscamos?
‚Ä¢ Grado en matem√°ticas, estad√≠stica, inform√°tica, ingenier√≠a o similar y se valorar√°n estudios de posgrado.
‚Ä¢ 5 a√±os de experiencia en un puesto de ciencia de datos o anal√≠tica avanzada preferiblemente trabajando como cient√≠fico de datos y en anal√≠tica y/o entornos de BI.
‚Ä¢ Experiencia y conocimientos en probabilidad y estad√≠stica, incluido el aprendizaje autom√°tico, el dise√±o experimental y optimizaci√≥n.
‚Ä¢ El candidato a esta posici√≥n deber√° ser altamente competente y experimentado en lenguajes de script y tener habilidades de creaci√≥n r√°pida de prototipos, es decir, fluidez en SQL, Python, R, Java, etc.
Experiencia y conocimiento de herramientas de visualizaci√≥n como Tableau y Power BI.
‚Ä¢ En el GRUPO EDUCATIVO se valora la diversidad como fuente de talento y por ello trabajamos para impulsar un entorno inclusivo en el que se promueve el respeto, la pertenencia y el compromiso de forma que todas las personas puedan participar en igualdad de oportunidades. Invitamos a todas las personas a inscribirse con independencia del origen, circunstancias, bagaje o condici√≥n",
Cient√≠fico/a de Datos,Sanitas,"  Madrid, Spain   ","¬øQu√© har√°s en nuestro equipo como Data Scientist?

Tu misi√≥n ser√° desarrollar proyectos de an√°lisis de datos, de muy diversa √≠ndole, que nos permitan estar a la vanguardia en la aplicaci√≥n de nuevas soluciones basadas en datos en el sector de salud. Y adem√°s...

Desarrollar√°s proyectos de soluciones basadas en datos, en colaboraci√≥n con el resto de departamentos de la organizaci√≥n para conseguir los objetivos fijados.

Desarrollar√°s procesos de extracci√≥n y transformaci√≥n de informaci√≥n que permita validar la adecuaci√≥n de un conjunto de datos a un prop√≥sito concreto y preparar la informaci√≥n para posteriores an√°lisis y modelos.

Generar√°s los resultados e interpretarlos tanto desde el punto vista t√©cnico como de negocio

Definir√°s KPIs y m√©tricas para evaluar y monitorizar que la soluci√≥n anal√≠tica aportada cumple con los objetivos iniciales.

Mantendr√°s reuniones con los distintos stakeholders para la toma de requerimientos y dise√±o de soluciones.

Desarrollar√°s las soluciones... utilizando t√©cnicas de anal√≠tica avanzada que cumplan con los objetivos de negocio definidos.

Desarrollar√°s las soluciones utilizando t√©cnicas de anal√≠tica avanzada ( Series Temporales, Clustering, Random Forest, XGBoost, Deep-learning, NLP,‚Ä¶) que cumplan con los objetivos de negocio definidos.‚Äù

Investigar√°s, probar√°s y proponer√°s nuevas soluciones, herramientas o t√©cnicas de an√°lisis para ayudar a los negocios y la compa√±√≠a en su transformaci√≥n

¬øQu√© necesitamos?

Muchas ganas de unirte a un equipo retador, innovador y con ilusi√≥n por crecer.

Titulaci√≥n superior en Estad√≠stica, Matem√°ticas, Ingenier√≠a o Fisica

Demostrable 5 a√±os de expriencia en el empleo de t√©cnicas de machine learning. Alta experiencia en el manejo de BBDD relacionales (Nivel Alto SQL). Conocimientos avanzados de t√©cnicas de an√°lisis estad√≠stico.

Nivel medio/alto de ingl√©s

Te contamos Data4Good, un proyecto del equipo de Data.

Es una iniciativa de open data a trav√©s de la que ponemos al servicio de profesionales interesados datos anonimizados para ayudarles en su investigaci√≥n. Nuestro primer proyecto, Open Data Covid, se centra en el estudio de datos de pacientes con Covid19 para colaborar en el desarrollo de soluciones para esta enfermedad.

Please accept marketing-cookies to watch this video",
Cient√≠fico de datos,UNIR - La Universidad en Internet,"  Pozuelo de Alarc√≥n, Spain   ","En UNIR - La Universidad Internacional de la Rioja nos encontramos en b√∫squeda de un Cient√≠fico de Datos.

Necesario experiencia previa en An√°lisis de Datos con conexi√≥n a BBDD on-premise y cloud, utilizando python y R, as√≠ como herramientas de visualizaci√≥n como Tableau y Power BI.

¬øCu√°les ser√°n tus funciones?
‚Ä¢ Creaci√≥n de modelos de an√°lisis de datos de la empresa, mediante el aprovechamiento de fuentes de datos existentes, nuevas y creativas.
‚Ä¢ Implementaci√≥n de modelos de aprendizaje autom√°tico para respaldar las numerosas iniciativas y programas de la empresa que ayuden a lograr los objetivos y metas generales de la compa√±√≠a.
‚Ä¢ Exploraci√≥n de modelos de datos experimentales dentro del negocio. Realizar√° pruebas A/B para evaluar cambios en los productos/servicios de la empresa, as√≠ como para la monitorizaci√≥n de los modelos y sus desviaciones y necesidades de reentrenamiento.
‚Ä¢ Colaboraci√≥n con los equipos de tecnolog√≠a / dev-ops para la puesta en producci√≥n de los modelos... propuestos y aprobados.
‚Ä¢ Trabajo en equipo con otros cient√≠ficos de datos, para aportar valor a todas las √°reas de negocio.
‚Ä¢ Focalizaci√≥n de los an√°lisis y modelos en base al valor e impacto incremental en negocio.

¬øQu√© encontrar√°s en UNIR?
‚Ä¢ Horario flexible: L-J de 9:00h a 18:15h y V de 9:00h a 14:00h (1 hora de flexibilidad)
‚Ä¢ Modelo de trabajo h√≠brido.
‚Ä¢ Retribuci√≥n flexible que podr√°s destinar a cheques guarder√≠a, tickets restaurante y seguro m√©dico
‚Ä¢ Podr√°s disfrutar de las mejores condiciones formativas con hasta un 80% de descuento en todas las titulaciones de la UNIR.

¬øQu√© buscamos?
‚Ä¢ Grado en matem√°ticas, estad√≠stica, inform√°tica, ingenier√≠a o similar y se valorar√°n estudios de posgrado.
‚Ä¢ 5 a√±os de experiencia en un puesto de ciencia de datos o anal√≠tica avanzada preferiblemente trabajando como cient√≠fico de datos y en anal√≠tica y/o entornos de BI.
‚Ä¢ Experiencia y conocimientos en probabilidad y estad√≠stica, incluido el aprendizaje autom√°tico, el dise√±o experimental y optimizaci√≥n.
‚Ä¢ El candidato a esta posici√≥n deber√° ser altamente competente y experimentado en lenguajes de script y tener habilidades de creaci√≥n r√°pida de prototipos, es decir, fluidez en SQL, Python, R, Java, etc.
‚Ä¢ Experiencia y conocimiento de herramientas de visualizaci√≥n como Tableau y Power BI.

En el GRUPO EDUCATIVO se valora la diversidad como fuente de talento y por ello trabajamos para impulsar un entorno inclusivo en el que se promueve el respeto, la pertenencia y el compromiso de forma que todas las personas puedan participar en igualdad de oportunidades. Invitamos a todas las personas a inscribirse con independencia del origen, circunstancias, bagaje o condici√≥n",
Analista/cientifico de Datos,Confidencial,"  C√°diz, Spain   ","Entre las tareas a realizar, las cuales estar√°n ligadas al √°mbito del an√°lisis del dato y su explotaci√≥n, cabe destacar las tres siguientes: - Miner√≠a de datos - Entrenamiento de modelos de predicci√≥n, clasificaci√≥n y optimizaci√≥n - Procesamiento del lenguaje natural. Estas tareas conforman la base del Gemelo Digital, y a partir de las mismas se desarrollar√° su core. GRADO en Matem√°ticas e Inform√°tica. Otros requisitos solicitados: - Programaci√≥n en Python - Generaci√≥n de modelos basados en t√©cnicas de Machine Learning - Generaci√≥n de modelos basados en series temporales - Miner√≠a de datos: limpieza y anal√≠tica de datos - Comunicaci√≥n con bases de datos y plataformasIoT (MQTT) - Experi√™ncia con control de versiones y repositorios (Git) - Conocimientos en deeplearning Pytorch y/o Tensorflow - Conocimiento de las principales arquitecturas para el procesamiento de lenguaje natural: BERT, GPT-X, Trasnsformers. Las personas interesadas que cumplan los requisitos pueden apuntarse en la... oferta Informaci√≥n detallada La formaci√≥n requerida para el puesto es de Licenciado / Grado. Se solicita una experi√™ncia m√≠nima de 1 A√±o. Necesitamos cubrir una vacante Sobre el salario hablaremos en la entrevista de trabajo. El contrato ser√° de tipo Temporal. El puesto a desempe√±ar es de analista de datos. El trabajo se desarrollar√° en C√°diz, C√°diz. La jornada ser√° Completa",
Cient√≠fico de Datos Senior,etalentum,"  Madrid, Spain   ","Descripci√≥n de la oferta

Empresa del sector socio-sanitario necesita incorporar un ingeniero de datos con experi√™ncia en la implantaci√≥n y administraci√≥n de plataformas big data para proyectos de an√°lisis de datos en el √°mbito de la prevenci√≥n y el cuidado de la salud.
FUNCIONES Y RESPONSABILIDADES:

- Analizar datos procedentes de la monitorizaci√≥n de variables fisiol√≥gicas y contextuales con el fin de crear sistemas de soporte a la decisi√≥n cl√≠nica y avanzar en el desarrollo de modelos de atenci√≥n proactiva.
- Trabajar estrechamente con el Departamento de IoT en el desarrollo de soluciones ad hoc enfocadas en la monitorizaci√≥n de la actividad f√≠sica y las condiciones del entorno dom√©stico.
- Realizar labores de coordinaci√≥n de proyectos a n√≠vel t√©cnico.

Requisitos necesarios:

- Conocimientos avanzados de t√©cnicas de an√°lisis estad√≠stico
- Experi√™ncia demostrable en el empleo de t√©cnicas de machine learning
- Conocimientos avanzados de Python
- Experi√™ncia en el manejo de BBDD... relacionales y no relacionales, preferiblemente MySQL (o cualquiera de sus forks) y MongoDB
- Experi√™ncia en la puesta en producci√≥n de modelos estad√≠sticos en entornos de integraci√≥n continua (BitBucket, Docker, Flask, Jenkins, Nexus y Plumber)
- Experi√™ncia en el uso de herramientas Big Data (Hadoop, Hive, Nifi y Spark)

Requisitos deseables:

- Conocimientos de R
- Conocimientos de C
- Experi√™ncia en la administraci√≥n de MariaDB y MongoDB
- Experi√™ncia en el manejo de entornos Unix/Linux
- Conocimientos de Kubernetes

Estudios m√≠nimos
- Matem√°ticas, estad√≠stica o cualquier carrera af√≠n.

Experi√™ncia m√≠nima
- Experi√™ncia m√≠nima de 4 a√±os en proyectos similares o que se demuestre hayan requerido del desarrollo de unas competencias similares a las solicitadas.

Idiomas m√≠nimos

Inscribirse en la oferta
- Sanidad /Hospitales/ Cl√≠nicas/M√∫tuas
- Madrid, Espa√±a
- Contrato
- Indefinido
- Jornada completa
- Salario bruto fijo no especificado
- Salario variable",
Data Science / Ciencia de datos,Michael Page, Anywhere ,"Acerca de nuestro cliente

¬øQU√â ENCONTRAR√ÅS?
‚Ä¢ Empresa final especializada en proyectos de DATA SCIENCE. Dan soporte a otras compa√±√≠as a nivel nacional e internacional en proyectos que requieran modelos matem√°ticos avanzados.
‚Ä¢ Ubicaci√≥n: Madrid, metro Rub√©n Dario - Gregorio Mara√±√≥n
‚Ä¢ El equipo es puramente IT y contar√°s con compa√±eros con un alt√≠simo potencial t√©cnico del que poder aprender. Contar√°s con compa√±eros que se preocupar√°n por tu acogida, por explicarte el funcionamiento de la compa√±√≠a, por ayudarte con cualquier dificultad y, sobre todo, siempre abierto a escuchar tus ideas y a compartir diferentes puntos de vista sobre el desarrollo de los proyectos.
‚Ä¢ Participar√°s en el desarrollo de aplicaciones muy potentes para empresas de diversos sectores.

Descripci√≥n
‚Ä¢ Participar√°s en todo el ciclo de vida de un proyecto: desde la recogida de requerimientos con el cliente, el desarrollo de los modelos, elaboraci√≥n y ejecuci√≥n de pruebas.
‚Ä¢ Trabajar√°s con R/Python
‚Ä¢ Con modelos... como: arboles de divisi√≥n, regresiones mixtas y m√∫ltiples, clustering, clasificaci√≥n, alisado exponencial, ensamblado y redes neuronales
‚Ä¢ An√°lisis de datos
‚Ä¢ Presentaci√≥n de resultados
‚Ä¢ Modelado con Python

Perfil Buscado (H/M/D)

¬øQU√â BUSCAMOS?
‚Ä¢ Imprescindible Grado Universitario STEM - Matem√°ticas, F√≠sica, Estad√≠stica, Ingenier√≠a Inform√°tica, Industrial o Telecomunicaciones.
‚Ä¢ INGL√âS medio-alto
‚Ä¢ Dominio en R/Python, bbdd SQL, modelos supervisados y no supervisados como los indicados anteriormente
‚Ä¢ Experiencia con librer√≠as como pandas, shiny, numpy, tensorflow, dplyr, tidyr
‚Ä¢ Experiencia presentando resultados con Python o R
‚Ä¢ Expertise previo en modelado en R/Python
‚Ä¢ Haber trabajado con conexiones con APIs REST.
‚Ä¢ Important√≠simo pasi√≥n por los datos y por aprender continuamente cosas nuevas.

¬øQU√â VALORAMOS?
‚Ä¢ noSQL
‚Ä¢ Desarrollo de apps con Python
‚Ä¢ Haber trabajado usando computaci√≥n distribuida como spark o dask
‚Ä¢ Experiencia en DeepLearning

Qu√© ofrecemos
‚Ä¢ Contrato indefinido directamente con la empresa que abre la vacante
‚Ä¢ Al principio se requerir√° m√°s presencialidad por adaptaci√≥n y por conocer al equipo, pero luego es a tu elecci√≥n trabajar 100% en remoto o con mayor presencialidad.
‚Ä¢ Encontrar√°s desarrollo profesional y muy buen ambiente entre compa√±eros
‚Ä¢ Eventos de empresa
‚Ä¢ Salario a definir seg√∫n expertise previo, como valoran recorridos desde 1 a√±o en data science a 4-5 a√±os, la banda oscila entre los 28.000 y 45.000‚Ç¨. Lo tratar√≠amos entre nosotros en una llamada previa a iniciar proceso, donde adem√°s aprovecharemos para compartir m√°s informaci√≥n sobre esta vacante",
Cientifico de datos - Modelo h√≠brido,Michael Page,"  Madrid, Spain   ","‚Ä¢ Proyecto estable y de gran nivel|Trayectoria profesional

About Our Client

Page Consulting Tech Solutions, es el √°rea de PageGroup especializada en la realizaci√≥n de proyectos IT en clientes, ofreciendo una amplia variedad de soluciones tecnol√≥gicas a medida con la flexibilidad y agilidad requerida. (https://www.michaelpage.es/seleccion-personal/technology-consulting)

Job Description

Identificaras los datos de calidad y los transformar√°s para facilitar la toma de decisiones empresariales.

Modelizaci√≥n del algoritmo.

Trabajar√°s con tecnolog√≠as de Machine Learning y algoritmos de miner√≠a de datos.

The Successful Applicant
‚Ä¢ Experiencia con miner√≠a de datos /Python, Spark, Pyspark).
‚Ä¢ BBDD, SQL.
‚Ä¢ Big Data (Datalake, red time, optimizaci√≥n de datos, etc.)
‚Ä¢ Manejo de grandes vol√∫menes de datos.

What's On Offer
‚Ä¢ Contrato indefinido con Page Tech Solutions.
‚Ä¢ Salario: 40.000‚Ç¨ BA.
‚Ä¢ Modalidad h√≠brida (m√°s teletrabajo que presencial).
‚Ä¢ C/Tomas Bret√≥n (Madrid).
‚Ä¢ Formaci√≥n continua... para desarrollar tu talento.
‚Ä¢ Beneficios sociales y plan de retribuci√≥n flexible.
‚Ä¢ Compensaci√≥n de gastos de teletrabajo.
‚Ä¢ Plan de carrera en un ecosistema de talento tecnol√≥gico.
Contact: Marta Castrillo

Quote job ref: JN-042023-6003168",
